device;location;data
Ar-Condicionado 18.000 BTU;5629c20111e0244bd1c3d02860408fb9d682213effaf36ff069ceef80181c550;0.99862
Ar-Condicionado 18.000 BTU;5629c20111e0244bd1c3d02860408fb9d682213effaf36ff069ceef80181c550;0.9777
Ar-Condicionado 18.000 BTU;5629c20111e0244bd1c3d02860408fb9d682213effaf36ff069ceef80181c550;0.91188
Ar-Condicionado 18.000 BTU;5629c20111e0244bd1c3d02860408fb9d682213effaf36ff069ceef80181c550;0.70186
Ar-Condicionado 18.000 BTU;5629c20111e0244bd1c3d02860408fb9d682213effaf36ff069ceef80181c550;0.73262
Ar-Condicionado 18.000 BTU;5629c20111e0244bd1c3d02860408fb9d682213effaf36ff069ceef80181c550;0.99741
Ar-Condicionado 18.000 BTU;5629c20111e0244bd1c3d02860408fb9d682213effaf36ff069ceef80181c550;0.55279
Ar-Condicionado 18.000 BTU;5629c20111e0244bd1c3d02860408fb9d682213effaf36ff069ceef80181c550;0.68616
Ar-Condicionado 18.000 BTU;5629c20111e0244bd1c3d02860408fb9d682213effaf36ff069ceef80181c550;0.61322
Ar-Condicionado 18.000 BTU;5629c20111e0244bd1c3d02860408fb9d682213effaf36ff069ceef80181c550;0.97974
Ar-Condicionado 18.000 BTU;5629c20111e0244bd1c3d02860408fb9d682213effaf36ff069ceef80181c550;0.93946
Ar-Condicionado 18.000 BTU;5629c20111e0244bd1c3d02860408fb9d682213effaf36ff069ceef80181c550;0.83098
Ar-Condicionado 18.000 BTU;5629c20111e0244bd1c3d02860408fb9d682213effaf36ff069ceef80181c550;0.61092
Ar-Condicionado 18.000 BTU;5629c20111e0244bd1c3d02860408fb9d682213effaf36ff069ceef80181c550;0.99903
Ar-Condicionado 18.000 BTU;5629c20111e0244bd1c3d02860408fb9d682213effaf36ff069ceef80181c550;0.99982
Ar-Condicionado 18.000 BTU;5629c20111e0244bd1c3d02860408fb9d682213effaf36ff069ceef80181c550;0.99638
Ar-Condicionado 18.000 BTU;5629c20111e0244bd1c3d02860408fb9d682213effaf36ff069ceef80181c550;0.98304
Ar-Condicionado 18.000 BTU;5629c20111e0244bd1c3d02860408fb9d682213effaf36ff069ceef80181c550;0.86105
Ar-Condicionado 18.000 BTU;5629c20111e0244bd1c3d02860408fb9d682213effaf36ff069ceef80181c550;0.71977
Ar-Condicionado 18.000 BTU;5629c20111e0244bd1c3d02860408fb9d682213effaf36ff069ceef80181c550;0.52678
Ar-Condicionado 18.000 BTU;5629c20111e0244bd1c3d02860408fb9d682213effaf36ff069ceef80181c550;0.77292
Ar-Condicionado 18.000 BTU;5629c20111e0244bd1c3d02860408fb9d682213effaf36ff069ceef80181c550;0.91122
Ar-Condicionado 18.000 BTU;5629c20111e0244bd1c3d02860408fb9d682213effaf36ff069ceef80181c550;0.97469
Ar-Condicionado 18.000 BTU;5629c20111e0244bd1c3d02860408fb9d682213effaf36ff069ceef80181c550;0.98064
Ar-Condicionado 15.000 BTU;f0ff48c09c1d59ab201f0d6c402e89790c8b6b2edce85c4624b3b80b2f389a7c;0.90229
Ar-Condicionado 15.000 BTU;f0ff48c09c1d59ab201f0d6c402e89790c8b6b2edce85c4624b3b80b2f389a7c;0.72214
Ar-Condicionado 15.000 BTU;f0ff48c09c1d59ab201f0d6c402e89790c8b6b2edce85c4624b3b80b2f389a7c;0.99963
Ar-Condicionado 15.000 BTU;f0ff48c09c1d59ab201f0d6c402e89790c8b6b2edce85c4624b3b80b2f389a7c;0.94641
Ar-Condicionado 15.000 BTU;f0ff48c09c1d59ab201f0d6c402e89790c8b6b2edce85c4624b3b80b2f389a7c;0.64535
Ar-Condicionado 15.000 BTU;f0ff48c09c1d59ab201f0d6c402e89790c8b6b2edce85c4624b3b80b2f389a7c;0.9328
Ar-Condicionado 15.000 BTU;f0ff48c09c1d59ab201f0d6c402e89790c8b6b2edce85c4624b3b80b2f389a7c;0.7167
Ar-Condicionado 15.000 BTU;f0ff48c09c1d59ab201f0d6c402e89790c8b6b2edce85c4624b3b80b2f389a7c;0.95957
Ar-Condicionado 15.000 BTU;f0ff48c09c1d59ab201f0d6c402e89790c8b6b2edce85c4624b3b80b2f389a7c;0.85517
Ar-Condicionado 15.000 BTU;f0ff48c09c1d59ab201f0d6c402e89790c8b6b2edce85c4624b3b80b2f389a7c;0.99569
Ar-Condicionado 15.000 BTU;f0ff48c09c1d59ab201f0d6c402e89790c8b6b2edce85c4624b3b80b2f389a7c;0.7943
Ar-Condicionado 15.000 BTU;f0ff48c09c1d59ab201f0d6c402e89790c8b6b2edce85c4624b3b80b2f389a7c;0.95473
Ar-Condicionado 15.000 BTU;f0ff48c09c1d59ab201f0d6c402e89790c8b6b2edce85c4624b3b80b2f389a7c;0.5945
Ar-Condicionado 15.000 BTU;f0ff48c09c1d59ab201f0d6c402e89790c8b6b2edce85c4624b3b80b2f389a7c;0.94989
Ar-Condicionado 15.000 BTU;f0ff48c09c1d59ab201f0d6c402e89790c8b6b2edce85c4624b3b80b2f389a7c;0.75969
Ar-Condicionado 15.000 BTU;f0ff48c09c1d59ab201f0d6c402e89790c8b6b2edce85c4624b3b80b2f389a7c;0.88974
Ar-Condicionado 15.000 BTU;f0ff48c09c1d59ab201f0d6c402e89790c8b6b2edce85c4624b3b80b2f389a7c;0.7784
Ar-Condicionado 15.000 BTU;f0ff48c09c1d59ab201f0d6c402e89790c8b6b2edce85c4624b3b80b2f389a7c;0.98413
Ar-Condicionado 15.000 BTU;f0ff48c09c1d59ab201f0d6c402e89790c8b6b2edce85c4624b3b80b2f389a7c;0.99691
Ar-Condicionado 15.000 BTU;f0ff48c09c1d59ab201f0d6c402e89790c8b6b2edce85c4624b3b80b2f389a7c;0.94888
Ar-Condicionado 15.000 BTU;f0ff48c09c1d59ab201f0d6c402e89790c8b6b2edce85c4624b3b80b2f389a7c;0.92779
Ar-Condicionado 15.000 BTU;f0ff48c09c1d59ab201f0d6c402e89790c8b6b2edce85c4624b3b80b2f389a7c;0.99997
Ar-Condicionado 15.000 BTU;f0ff48c09c1d59ab201f0d6c402e89790c8b6b2edce85c4624b3b80b2f389a7c;0.43429
Ar-Condicionado 15.000 BTU;f0ff48c09c1d59ab201f0d6c402e89790c8b6b2edce85c4624b3b80b2f389a7c;0.86465
Ar-Condicionado 12.000 BTU;c3e92d4611880a19ab437f712af92788966fe8547b004e39ff34514355409baf;0.99194
Ar-Condicionado 12.000 BTU;c3e92d4611880a19ab437f712af92788966fe8547b004e39ff34514355409baf;0.99944
Ar-Condicionado 12.000 BTU;c3e92d4611880a19ab437f712af92788966fe8547b004e39ff34514355409baf;0.98947
Ar-Condicionado 12.000 BTU;c3e92d4611880a19ab437f712af92788966fe8547b004e39ff34514355409baf;0.69426
Ar-Condicionado 12.000 BTU;c3e92d4611880a19ab437f712af92788966fe8547b004e39ff34514355409baf;0.96657
Ar-Condicionado 12.000 BTU;c3e92d4611880a19ab437f712af92788966fe8547b004e39ff34514355409baf;0.72421
Ar-Condicionado 12.000 BTU;c3e92d4611880a19ab437f712af92788966fe8547b004e39ff34514355409baf;0.85522
Ar-Condicionado 12.000 BTU;c3e92d4611880a19ab437f712af92788966fe8547b004e39ff34514355409baf;0.56085
Ar-Condicionado 12.000 BTU;c3e92d4611880a19ab437f712af92788966fe8547b004e39ff34514355409baf;0.90957
Ar-Condicionado 12.000 BTU;c3e92d4611880a19ab437f712af92788966fe8547b004e39ff34514355409baf;0.45193
Ar-Condicionado 12.000 BTU;c3e92d4611880a19ab437f712af92788966fe8547b004e39ff34514355409baf;0.5745
Ar-Condicionado 12.000 BTU;c3e92d4611880a19ab437f712af92788966fe8547b004e39ff34514355409baf;0.29334
Ar-Condicionado 12.000 BTU;c3e92d4611880a19ab437f712af92788966fe8547b004e39ff34514355409baf;0.99712
Ar-Condicionado 12.000 BTU;c3e92d4611880a19ab437f712af92788966fe8547b004e39ff34514355409baf;0.99012
Ar-Condicionado 12.000 BTU;c3e92d4611880a19ab437f712af92788966fe8547b004e39ff34514355409baf;0.88619
Ar-Condicionado 12.000 BTU;c3e92d4611880a19ab437f712af92788966fe8547b004e39ff34514355409baf;0.98878
Ar-Condicionado 12.000 BTU;c3e92d4611880a19ab437f712af92788966fe8547b004e39ff34514355409baf;0.93892
Ar-Condicionado 12.000 BTU;c3e92d4611880a19ab437f712af92788966fe8547b004e39ff34514355409baf;0.93569
Ar-Condicionado 12.000 BTU;c3e92d4611880a19ab437f712af92788966fe8547b004e39ff34514355409baf;0.96448
Ar-Condicionado 12.000 BTU;c3e92d4611880a19ab437f712af92788966fe8547b004e39ff34514355409baf;0.97638
Ar-Condicionado 12.000 BTU;c3e92d4611880a19ab437f712af92788966fe8547b004e39ff34514355409baf;0.95651
Ar-Condicionado 12.000 BTU;c3e92d4611880a19ab437f712af92788966fe8547b004e39ff34514355409baf;0.96694
Ar-Condicionado 12.000 BTU;c3e92d4611880a19ab437f712af92788966fe8547b004e39ff34514355409baf;0.95156
Ar-Condicionado 12.000 BTU;c3e92d4611880a19ab437f712af92788966fe8547b004e39ff34514355409baf;0.8904
Aquecedor de Ambiente;287276c7178c3c21bf19c68801e2fa769fbd42daad0c02cc3da83e13799d97c4;0.26619
Aquecedor de Ambiente;287276c7178c3c21bf19c68801e2fa769fbd42daad0c02cc3da83e13799d97c4;0.9395
Aquecedor de Ambiente;287276c7178c3c21bf19c68801e2fa769fbd42daad0c02cc3da83e13799d97c4;0.9627
Aquecedor de Ambiente;287276c7178c3c21bf19c68801e2fa769fbd42daad0c02cc3da83e13799d97c4;0.99816
Aquecedor de Ambiente;287276c7178c3c21bf19c68801e2fa769fbd42daad0c02cc3da83e13799d97c4;0.99782
Aquecedor de Ambiente;287276c7178c3c21bf19c68801e2fa769fbd42daad0c02cc3da83e13799d97c4;0.13375
Aquecedor de Ambiente;287276c7178c3c21bf19c68801e2fa769fbd42daad0c02cc3da83e13799d97c4;0.98378
Aquecedor de Ambiente;287276c7178c3c21bf19c68801e2fa769fbd42daad0c02cc3da83e13799d97c4;0.95787
Aquecedor de Ambiente;287276c7178c3c21bf19c68801e2fa769fbd42daad0c02cc3da83e13799d97c4;0.97283
Aquecedor de Ambiente;287276c7178c3c21bf19c68801e2fa769fbd42daad0c02cc3da83e13799d97c4;0.78559
Aquecedor de Ambiente;287276c7178c3c21bf19c68801e2fa769fbd42daad0c02cc3da83e13799d97c4;0.90023
Aquecedor de Ambiente;287276c7178c3c21bf19c68801e2fa769fbd42daad0c02cc3da83e13799d97c4;0.99988
Aquecedor de Ambiente;287276c7178c3c21bf19c68801e2fa769fbd42daad0c02cc3da83e13799d97c4;0.71945
Aquecedor de Ambiente;287276c7178c3c21bf19c68801e2fa769fbd42daad0c02cc3da83e13799d97c4;0.95043
Aquecedor de Ambiente;287276c7178c3c21bf19c68801e2fa769fbd42daad0c02cc3da83e13799d97c4;0.87491
Aquecedor de Ambiente;287276c7178c3c21bf19c68801e2fa769fbd42daad0c02cc3da83e13799d97c4;0.20841
Aquecedor de Ambiente;287276c7178c3c21bf19c68801e2fa769fbd42daad0c02cc3da83e13799d97c4;0.64968
Aquecedor de Ambiente;287276c7178c3c21bf19c68801e2fa769fbd42daad0c02cc3da83e13799d97c4;0.99776
Aquecedor de Ambiente;287276c7178c3c21bf19c68801e2fa769fbd42daad0c02cc3da83e13799d97c4;0.94203
Aquecedor de Ambiente;287276c7178c3c21bf19c68801e2fa769fbd42daad0c02cc3da83e13799d97c4;0.97649
Aquecedor de Ambiente;287276c7178c3c21bf19c68801e2fa769fbd42daad0c02cc3da83e13799d97c4;0.94184
Aquecedor de Ambiente;287276c7178c3c21bf19c68801e2fa769fbd42daad0c02cc3da83e13799d97c4;0.98759
Aquecedor de Ambiente;287276c7178c3c21bf19c68801e2fa769fbd42daad0c02cc3da83e13799d97c4;0.95183
Aquecedor de Ambiente;287276c7178c3c21bf19c68801e2fa769fbd42daad0c02cc3da83e13799d97c4;0.93672
Disjuntor Geral;4884e949bd5cf2a1b768f5cce7382921b955f829728ad6fbd97d8385c6c2ce00;91.71
Disjuntor Geral;4884e949bd5cf2a1b768f5cce7382921b955f829728ad6fbd97d8385c6c2ce00;159.04
Disjuntor Geral;4884e949bd5cf2a1b768f5cce7382921b955f829728ad6fbd97d8385c6c2ce00;114.2
Disjuntor Geral;4884e949bd5cf2a1b768f5cce7382921b955f829728ad6fbd97d8385c6c2ce00;46.14
Disjuntor Geral;4884e949bd5cf2a1b768f5cce7382921b955f829728ad6fbd97d8385c6c2ce00;86.82
Disjuntor Geral;4884e949bd5cf2a1b768f5cce7382921b955f829728ad6fbd97d8385c6c2ce00;71.53
Disjuntor Geral;4884e949bd5cf2a1b768f5cce7382921b955f829728ad6fbd97d8385c6c2ce00;150.88
Disjuntor Geral;4884e949bd5cf2a1b768f5cce7382921b955f829728ad6fbd97d8385c6c2ce00;121.06
Disjuntor Geral;4884e949bd5cf2a1b768f5cce7382921b955f829728ad6fbd97d8385c6c2ce00;91.4
Disjuntor Geral;4884e949bd5cf2a1b768f5cce7382921b955f829728ad6fbd97d8385c6c2ce00;93.87
Disjuntor Geral;4884e949bd5cf2a1b768f5cce7382921b955f829728ad6fbd97d8385c6c2ce00;65.29
Disjuntor Geral;4884e949bd5cf2a1b768f5cce7382921b955f829728ad6fbd97d8385c6c2ce00;121.71
Disjuntor Geral;4884e949bd5cf2a1b768f5cce7382921b955f829728ad6fbd97d8385c6c2ce00;52.32
Disjuntor Geral;4884e949bd5cf2a1b768f5cce7382921b955f829728ad6fbd97d8385c6c2ce00;110.56
Disjuntor Geral;4884e949bd5cf2a1b768f5cce7382921b955f829728ad6fbd97d8385c6c2ce00;149.51
Disjuntor Geral;4884e949bd5cf2a1b768f5cce7382921b955f829728ad6fbd97d8385c6c2ce00;40.0
Disjuntor Geral;4884e949bd5cf2a1b768f5cce7382921b955f829728ad6fbd97d8385c6c2ce00;93.92
Disjuntor Geral;4884e949bd5cf2a1b768f5cce7382921b955f829728ad6fbd97d8385c6c2ce00;107.2
Disjuntor Geral;4884e949bd5cf2a1b768f5cce7382921b955f829728ad6fbd97d8385c6c2ce00;109.68
Disjuntor Geral;4884e949bd5cf2a1b768f5cce7382921b955f829728ad6fbd97d8385c6c2ce00;141.9
Disjuntor Geral;4884e949bd5cf2a1b768f5cce7382921b955f829728ad6fbd97d8385c6c2ce00;143.82
Disjuntor Geral;4884e949bd5cf2a1b768f5cce7382921b955f829728ad6fbd97d8385c6c2ce00;50.61
Disjuntor Geral;4884e949bd5cf2a1b768f5cce7382921b955f829728ad6fbd97d8385c6c2ce00;104.11
Disjuntor Geral;4884e949bd5cf2a1b768f5cce7382921b955f829728ad6fbd97d8385c6c2ce00;122.85
Circuito de Iluminacao;010d15125f38e701c4daf174fb6b1f2877c32a7cb25dfa4df8d7c821b71d6516;132.23
Circuito de Iluminacao;010d15125f38e701c4daf174fb6b1f2877c32a7cb25dfa4df8d7c821b71d6516;78.27
Circuito de Iluminacao;010d15125f38e701c4daf174fb6b1f2877c32a7cb25dfa4df8d7c821b71d6516;109.55
Circuito de Iluminacao;010d15125f38e701c4daf174fb6b1f2877c32a7cb25dfa4df8d7c821b71d6516;124.34
Circuito de Iluminacao;010d15125f38e701c4daf174fb6b1f2877c32a7cb25dfa4df8d7c821b71d6516;51.1
Circuito de Iluminacao;010d15125f38e701c4daf174fb6b1f2877c32a7cb25dfa4df8d7c821b71d6516;152.87
Circuito de Iluminacao;010d15125f38e701c4daf174fb6b1f2877c32a7cb25dfa4df8d7c821b71d6516;87.47
Circuito de Iluminacao;010d15125f38e701c4daf174fb6b1f2877c32a7cb25dfa4df8d7c821b71d6516;75.52
Circuito de Iluminacao;010d15125f38e701c4daf174fb6b1f2877c32a7cb25dfa4df8d7c821b71d6516;87.76
Circuito de Iluminacao;010d15125f38e701c4daf174fb6b1f2877c32a7cb25dfa4df8d7c821b71d6516;83.01
Circuito de Iluminacao;010d15125f38e701c4daf174fb6b1f2877c32a7cb25dfa4df8d7c821b71d6516;16.19
Circuito de Iluminacao;010d15125f38e701c4daf174fb6b1f2877c32a7cb25dfa4df8d7c821b71d6516;91.12
Circuito de Iluminacao;010d15125f38e701c4daf174fb6b1f2877c32a7cb25dfa4df8d7c821b71d6516;78.4
Circuito de Iluminacao;010d15125f38e701c4daf174fb6b1f2877c32a7cb25dfa4df8d7c821b71d6516;92.56
Circuito de Iluminacao;010d15125f38e701c4daf174fb6b1f2877c32a7cb25dfa4df8d7c821b71d6516;63.95
Circuito de Iluminacao;010d15125f38e701c4daf174fb6b1f2877c32a7cb25dfa4df8d7c821b71d6516;104.3
Circuito de Iluminacao;010d15125f38e701c4daf174fb6b1f2877c32a7cb25dfa4df8d7c821b71d6516;125.51
Circuito de Iluminacao;010d15125f38e701c4daf174fb6b1f2877c32a7cb25dfa4df8d7c821b71d6516;44.48
Circuito de Iluminacao;010d15125f38e701c4daf174fb6b1f2877c32a7cb25dfa4df8d7c821b71d6516;46.52
Circuito de Iluminacao;010d15125f38e701c4daf174fb6b1f2877c32a7cb25dfa4df8d7c821b71d6516;74.02
Circuito de Iluminacao;010d15125f38e701c4daf174fb6b1f2877c32a7cb25dfa4df8d7c821b71d6516;76.03
Circuito de Iluminacao;010d15125f38e701c4daf174fb6b1f2877c32a7cb25dfa4df8d7c821b71d6516;123.48
Circuito de Iluminacao;010d15125f38e701c4daf174fb6b1f2877c32a7cb25dfa4df8d7c821b71d6516;177.3
Circuito de Iluminacao;010d15125f38e701c4daf174fb6b1f2877c32a7cb25dfa4df8d7c821b71d6516;73.19
Circuito de Tomadas;b0d4869c6dfd9f2bafbd4d0f5b3fb3962e5b1599bcfc745ecf5cb45a5614cc33;72.01
Circuito de Tomadas;b0d4869c6dfd9f2bafbd4d0f5b3fb3962e5b1599bcfc745ecf5cb45a5614cc33;89.32
Circuito de Tomadas;b0d4869c6dfd9f2bafbd4d0f5b3fb3962e5b1599bcfc745ecf5cb45a5614cc33;117.9
Circuito de Tomadas;b0d4869c6dfd9f2bafbd4d0f5b3fb3962e5b1599bcfc745ecf5cb45a5614cc33;70.84
Circuito de Tomadas;b0d4869c6dfd9f2bafbd4d0f5b3fb3962e5b1599bcfc745ecf5cb45a5614cc33;90.76
Circuito de Tomadas;b0d4869c6dfd9f2bafbd4d0f5b3fb3962e5b1599bcfc745ecf5cb45a5614cc33;132.39
Circuito de Tomadas;b0d4869c6dfd9f2bafbd4d0f5b3fb3962e5b1599bcfc745ecf5cb45a5614cc33;134.09
Circuito de Tomadas;b0d4869c6dfd9f2bafbd4d0f5b3fb3962e5b1599bcfc745ecf5cb45a5614cc33;104.47
Circuito de Tomadas;b0d4869c6dfd9f2bafbd4d0f5b3fb3962e5b1599bcfc745ecf5cb45a5614cc33;63.11
Circuito de Tomadas;b0d4869c6dfd9f2bafbd4d0f5b3fb3962e5b1599bcfc745ecf5cb45a5614cc33;122.61
Circuito de Tomadas;b0d4869c6dfd9f2bafbd4d0f5b3fb3962e5b1599bcfc745ecf5cb45a5614cc33;91.82
Circuito de Tomadas;b0d4869c6dfd9f2bafbd4d0f5b3fb3962e5b1599bcfc745ecf5cb45a5614cc33;106.75
Circuito de Tomadas;b0d4869c6dfd9f2bafbd4d0f5b3fb3962e5b1599bcfc745ecf5cb45a5614cc33;87.45
Circuito de Tomadas;b0d4869c6dfd9f2bafbd4d0f5b3fb3962e5b1599bcfc745ecf5cb45a5614cc33;96.55
Circuito de Tomadas;b0d4869c6dfd9f2bafbd4d0f5b3fb3962e5b1599bcfc745ecf5cb45a5614cc33;112.42
Circuito de Tomadas;b0d4869c6dfd9f2bafbd4d0f5b3fb3962e5b1599bcfc745ecf5cb45a5614cc33;94.92
Circuito de Tomadas;b0d4869c6dfd9f2bafbd4d0f5b3fb3962e5b1599bcfc745ecf5cb45a5614cc33;61.55
Circuito de Tomadas;b0d4869c6dfd9f2bafbd4d0f5b3fb3962e5b1599bcfc745ecf5cb45a5614cc33;84.65
Circuito de Tomadas;b0d4869c6dfd9f2bafbd4d0f5b3fb3962e5b1599bcfc745ecf5cb45a5614cc33;132.33
Circuito de Tomadas;b0d4869c6dfd9f2bafbd4d0f5b3fb3962e5b1599bcfc745ecf5cb45a5614cc33;60.54
Circuito de Tomadas;b0d4869c6dfd9f2bafbd4d0f5b3fb3962e5b1599bcfc745ecf5cb45a5614cc33;117.12
Circuito de Tomadas;b0d4869c6dfd9f2bafbd4d0f5b3fb3962e5b1599bcfc745ecf5cb45a5614cc33;115.13
Circuito de Tomadas;b0d4869c6dfd9f2bafbd4d0f5b3fb3962e5b1599bcfc745ecf5cb45a5614cc33;144.39
Circuito de Tomadas;b0d4869c6dfd9f2bafbd4d0f5b3fb3962e5b1599bcfc745ecf5cb45a5614cc33;47.58
Painel de Energia;3af2f8db9072b03d17f2a4e3abe17b9552be4c7c6626d6a1fbc95cf999d86c1d;119.75
Painel de Energia;3af2f8db9072b03d17f2a4e3abe17b9552be4c7c6626d6a1fbc95cf999d86c1d;104.2
Painel de Energia;3af2f8db9072b03d17f2a4e3abe17b9552be4c7c6626d6a1fbc95cf999d86c1d;119.03
Painel de Energia;3af2f8db9072b03d17f2a4e3abe17b9552be4c7c6626d6a1fbc95cf999d86c1d;83.48
Painel de Energia;3af2f8db9072b03d17f2a4e3abe17b9552be4c7c6626d6a1fbc95cf999d86c1d;54.74
Painel de Energia;3af2f8db9072b03d17f2a4e3abe17b9552be4c7c6626d6a1fbc95cf999d86c1d;78.56
Painel de Energia;3af2f8db9072b03d17f2a4e3abe17b9552be4c7c6626d6a1fbc95cf999d86c1d;100.51
Painel de Energia;3af2f8db9072b03d17f2a4e3abe17b9552be4c7c6626d6a1fbc95cf999d86c1d;82.52
Painel de Energia;3af2f8db9072b03d17f2a4e3abe17b9552be4c7c6626d6a1fbc95cf999d86c1d;44.98
Painel de Energia;3af2f8db9072b03d17f2a4e3abe17b9552be4c7c6626d6a1fbc95cf999d86c1d;91.43
Painel de Energia;3af2f8db9072b03d17f2a4e3abe17b9552be4c7c6626d6a1fbc95cf999d86c1d;110.65
Painel de Energia;3af2f8db9072b03d17f2a4e3abe17b9552be4c7c6626d6a1fbc95cf999d86c1d;114.16
Painel de Energia;3af2f8db9072b03d17f2a4e3abe17b9552be4c7c6626d6a1fbc95cf999d86c1d;95.86
Painel de Energia;3af2f8db9072b03d17f2a4e3abe17b9552be4c7c6626d6a1fbc95cf999d86c1d;133.61
Painel de Energia;3af2f8db9072b03d17f2a4e3abe17b9552be4c7c6626d6a1fbc95cf999d86c1d;104.43
Painel de Energia;3af2f8db9072b03d17f2a4e3abe17b9552be4c7c6626d6a1fbc95cf999d86c1d;139.95
Painel de Energia;3af2f8db9072b03d17f2a4e3abe17b9552be4c7c6626d6a1fbc95cf999d86c1d;94.91
Painel de Energia;3af2f8db9072b03d17f2a4e3abe17b9552be4c7c6626d6a1fbc95cf999d86c1d;73.07
Painel de Energia;3af2f8db9072b03d17f2a4e3abe17b9552be4c7c6626d6a1fbc95cf999d86c1d;138.21
Painel de Energia;3af2f8db9072b03d17f2a4e3abe17b9552be4c7c6626d6a1fbc95cf999d86c1d;70.02
Painel de Energia;3af2f8db9072b03d17f2a4e3abe17b9552be4c7c6626d6a1fbc95cf999d86c1d;134.72
Painel de Energia;3af2f8db9072b03d17f2a4e3abe17b9552be4c7c6626d6a1fbc95cf999d86c1d;89.65
Painel de Energia;3af2f8db9072b03d17f2a4e3abe17b9552be4c7c6626d6a1fbc95cf999d86c1d;78.51
Painel de Energia;3af2f8db9072b03d17f2a4e3abe17b9552be4c7c6626d6a1fbc95cf999d86c1d;69.22
LÃ¢mpada Incandescente - 100 W;a5bc0519be1c9b5fd424cf3be973f09d391ed0fcbe897084c3447e3db3eaa65a;1.64186
LÃ¢mpada Incandescente - 100 W;a5bc0519be1c9b5fd424cf3be973f09d391ed0fcbe897084c3447e3db3eaa65a;44.23981
LÃ¢mpada Incandescente - 100 W;a5bc0519be1c9b5fd424cf3be973f09d391ed0fcbe897084c3447e3db3eaa65a;60.88095
LÃ¢mpada Incandescente - 100 W;a5bc0519be1c9b5fd424cf3be973f09d391ed0fcbe897084c3447e3db3eaa65a;99.82591
LÃ¢mpada Incandescente - 100 W;a5bc0519be1c9b5fd424cf3be973f09d391ed0fcbe897084c3447e3db3eaa65a;105.32969
LÃ¢mpada Incandescente - 100 W;a5bc0519be1c9b5fd424cf3be973f09d391ed0fcbe897084c3447e3db3eaa65a;112.49138
LÃ¢mpada Incandescente - 100 W;a5bc0519be1c9b5fd424cf3be973f09d391ed0fcbe897084c3447e3db3eaa65a;107.26736
LÃ¢mpada Incandescente - 100 W;a5bc0519be1c9b5fd424cf3be973f09d391ed0fcbe897084c3447e3db3eaa65a;69.2626
LÃ¢mpada Incandescente - 100 W;a5bc0519be1c9b5fd424cf3be973f09d391ed0fcbe897084c3447e3db3eaa65a;46.07819
LÃ¢mpada Incandescente - 100 W;a5bc0519be1c9b5fd424cf3be973f09d391ed0fcbe897084c3447e3db3eaa65a;15.76458
LÃ¢mpada Incandescente - 100 W;a5bc0519be1c9b5fd424cf3be973f09d391ed0fcbe897084c3447e3db3eaa65a;14.69916
LÃ¢mpada Incandescente - 100 W;a5bc0519be1c9b5fd424cf3be973f09d391ed0fcbe897084c3447e3db3eaa65a;36.28803
LÃ¢mpada Incandescente - 100 W;a5bc0519be1c9b5fd424cf3be973f09d391ed0fcbe897084c3447e3db3eaa65a;63.61324
LÃ¢mpada Incandescente - 100 W;a5bc0519be1c9b5fd424cf3be973f09d391ed0fcbe897084c3447e3db3eaa65a;102.59686
LÃ¢mpada Incandescente - 100 W;a5bc0519be1c9b5fd424cf3be973f09d391ed0fcbe897084c3447e3db3eaa65a;113.66232
LÃ¢mpada Incandescente - 100 W;a5bc0519be1c9b5fd424cf3be973f09d391ed0fcbe897084c3447e3db3eaa65a;108.90958
LÃ¢mpada Incandescente - 100 W;a5bc0519be1c9b5fd424cf3be973f09d391ed0fcbe897084c3447e3db3eaa65a;108.21311
LÃ¢mpada Incandescente - 100 W;a5bc0519be1c9b5fd424cf3be973f09d391ed0fcbe897084c3447e3db3eaa65a;57.5922
LÃ¢mpada Incandescente - 100 W;a5bc0519be1c9b5fd424cf3be973f09d391ed0fcbe897084c3447e3db3eaa65a;0.12224
LÃ¢mpada Incandescente - 100 W;a5bc0519be1c9b5fd424cf3be973f09d391ed0fcbe897084c3447e3db3eaa65a;34.67842
LÃ¢mpada Incandescente - 100 W;a5bc0519be1c9b5fd424cf3be973f09d391ed0fcbe897084c3447e3db3eaa65a;22.98067
LÃ¢mpada Incandescente - 100 W;a5bc0519be1c9b5fd424cf3be973f09d391ed0fcbe897084c3447e3db3eaa65a;70.4081
LÃ¢mpada Incandescente - 100 W;a5bc0519be1c9b5fd424cf3be973f09d391ed0fcbe897084c3447e3db3eaa65a;63.85557
LÃ¢mpada Incandescente - 100 W;a5bc0519be1c9b5fd424cf3be973f09d391ed0fcbe897084c3447e3db3eaa65a;88.93947
Multiprocessador;516a1e6b1bc2f098f06352e126f839c7b2cdfd163f9f776bf5be7e4c51f8c5c0;8.6884
Multiprocessador;516a1e6b1bc2f098f06352e126f839c7b2cdfd163f9f776bf5be7e4c51f8c5c0;43.07972
Multiprocessador;516a1e6b1bc2f098f06352e126f839c7b2cdfd163f9f776bf5be7e4c51f8c5c0;70.28013
Multiprocessador;516a1e6b1bc2f098f06352e126f839c7b2cdfd163f9f776bf5be7e4c51f8c5c0;80.94287
Multiprocessador;516a1e6b1bc2f098f06352e126f839c7b2cdfd163f9f776bf5be7e4c51f8c5c0;78.34351
Multiprocessador;516a1e6b1bc2f098f06352e126f839c7b2cdfd163f9f776bf5be7e4c51f8c5c0;104.94059
Multiprocessador;516a1e6b1bc2f098f06352e126f839c7b2cdfd163f9f776bf5be7e4c51f8c5c0;101.49769
Multiprocessador;516a1e6b1bc2f098f06352e126f839c7b2cdfd163f9f776bf5be7e4c51f8c5c0;62.78131
Multiprocessador;516a1e6b1bc2f098f06352e126f839c7b2cdfd163f9f776bf5be7e4c51f8c5c0;59.43583
Multiprocessador;516a1e6b1bc2f098f06352e126f839c7b2cdfd163f9f776bf5be7e4c51f8c5c0;9.14558
Multiprocessador;516a1e6b1bc2f098f06352e126f839c7b2cdfd163f9f776bf5be7e4c51f8c5c0;23.09055
Multiprocessador;516a1e6b1bc2f098f06352e126f839c7b2cdfd163f9f776bf5be7e4c51f8c5c0;41.03266
Multiprocessador;516a1e6b1bc2f098f06352e126f839c7b2cdfd163f9f776bf5be7e4c51f8c5c0;84.21539
Multiprocessador;516a1e6b1bc2f098f06352e126f839c7b2cdfd163f9f776bf5be7e4c51f8c5c0;95.38891
Multiprocessador;516a1e6b1bc2f098f06352e126f839c7b2cdfd163f9f776bf5be7e4c51f8c5c0;94.45786
Multiprocessador;516a1e6b1bc2f098f06352e126f839c7b2cdfd163f9f776bf5be7e4c51f8c5c0;91.29244
Multiprocessador;516a1e6b1bc2f098f06352e126f839c7b2cdfd163f9f776bf5be7e4c51f8c5c0;91.65378
Multiprocessador;516a1e6b1bc2f098f06352e126f839c7b2cdfd163f9f776bf5be7e4c51f8c5c0;60.19424
Multiprocessador;516a1e6b1bc2f098f06352e126f839c7b2cdfd163f9f776bf5be7e4c51f8c5c0;21.63401
Multiprocessador;516a1e6b1bc2f098f06352e126f839c7b2cdfd163f9f776bf5be7e4c51f8c5c0;2.87623
Multiprocessador;516a1e6b1bc2f098f06352e126f839c7b2cdfd163f9f776bf5be7e4c51f8c5c0;50.43807
Multiprocessador;516a1e6b1bc2f098f06352e126f839c7b2cdfd163f9f776bf5be7e4c51f8c5c0;74.04988
Multiprocessador;516a1e6b1bc2f098f06352e126f839c7b2cdfd163f9f776bf5be7e4c51f8c5c0;83.18015
Multiprocessador;516a1e6b1bc2f098f06352e126f839c7b2cdfd163f9f776bf5be7e4c51f8c5c0;95.05953
Ventilador Pequeno;621c07d85d7bee45fe361459aa6ab187af5342a308efaeb9c737a59e32ea779a;6.59677
Ventilador Pequeno;621c07d85d7bee45fe361459aa6ab187af5342a308efaeb9c737a59e32ea779a;36.41668
Ventilador Pequeno;621c07d85d7bee45fe361459aa6ab187af5342a308efaeb9c737a59e32ea779a;70.95278
Ventilador Pequeno;621c07d85d7bee45fe361459aa6ab187af5342a308efaeb9c737a59e32ea779a;88.77537
Ventilador Pequeno;621c07d85d7bee45fe361459aa6ab187af5342a308efaeb9c737a59e32ea779a;91.28044
Ventilador Pequeno;621c07d85d7bee45fe361459aa6ab187af5342a308efaeb9c737a59e32ea779a;102.21915
Ventilador Pequeno;621c07d85d7bee45fe361459aa6ab187af5342a308efaeb9c737a59e32ea779a;84.18122
Ventilador Pequeno;621c07d85d7bee45fe361459aa6ab187af5342a308efaeb9c737a59e32ea779a;85.29852
Ventilador Pequeno;621c07d85d7bee45fe361459aa6ab187af5342a308efaeb9c737a59e32ea779a;38.796
Ventilador Pequeno;621c07d85d7bee45fe361459aa6ab187af5342a308efaeb9c737a59e32ea779a;25.40066
Ventilador Pequeno;621c07d85d7bee45fe361459aa6ab187af5342a308efaeb9c737a59e32ea779a;17.29555
Ventilador Pequeno;621c07d85d7bee45fe361459aa6ab187af5342a308efaeb9c737a59e32ea779a;51.50909
Ventilador Pequeno;621c07d85d7bee45fe361459aa6ab187af5342a308efaeb9c737a59e32ea779a;87.76826
Ventilador Pequeno;621c07d85d7bee45fe361459aa6ab187af5342a308efaeb9c737a59e32ea779a;113.57266
Ventilador Pequeno;621c07d85d7bee45fe361459aa6ab187af5342a308efaeb9c737a59e32ea779a;101.37472
Ventilador Pequeno;621c07d85d7bee45fe361459aa6ab187af5342a308efaeb9c737a59e32ea779a;104.30576
Ventilador Pequeno;621c07d85d7bee45fe361459aa6ab187af5342a308efaeb9c737a59e32ea779a;78.00913
Ventilador Pequeno;621c07d85d7bee45fe361459aa6ab187af5342a308efaeb9c737a59e32ea779a;61.79232
Ventilador Pequeno;621c07d85d7bee45fe361459aa6ab187af5342a308efaeb9c737a59e32ea779a;33.843
Ventilador Pequeno;621c07d85d7bee45fe361459aa6ab187af5342a308efaeb9c737a59e32ea779a;5.15118
Ventilador Pequeno;621c07d85d7bee45fe361459aa6ab187af5342a308efaeb9c737a59e32ea779a;37.27562
Ventilador Pequeno;621c07d85d7bee45fe361459aa6ab187af5342a308efaeb9c737a59e32ea779a;50.50979
Ventilador Pequeno;621c07d85d7bee45fe361459aa6ab187af5342a308efaeb9c737a59e32ea779a;92.66115
Ventilador Pequeno;621c07d85d7bee45fe361459aa6ab187af5342a308efaeb9c737a59e32ea779a;121.93097
Impressora;15923896671bdedc6a0e4555889bc6c826fdfc4dc17a5fab4bf7e9662c0d0265;4.59139
Impressora;15923896671bdedc6a0e4555889bc6c826fdfc4dc17a5fab4bf7e9662c0d0265;52.56758
Impressora;15923896671bdedc6a0e4555889bc6c826fdfc4dc17a5fab4bf7e9662c0d0265;43.79346
Impressora;15923896671bdedc6a0e4555889bc6c826fdfc4dc17a5fab4bf7e9662c0d0265;85.56923
Impressora;15923896671bdedc6a0e4555889bc6c826fdfc4dc17a5fab4bf7e9662c0d0265;79.78068
Impressora;15923896671bdedc6a0e4555889bc6c826fdfc4dc17a5fab4bf7e9662c0d0265;86.45524
Impressora;15923896671bdedc6a0e4555889bc6c826fdfc4dc17a5fab4bf7e9662c0d0265;90.98423
Impressora;15923896671bdedc6a0e4555889bc6c826fdfc4dc17a5fab4bf7e9662c0d0265;69.67139
Impressora;15923896671bdedc6a0e4555889bc6c826fdfc4dc17a5fab4bf7e9662c0d0265;28.60977
Impressora;15923896671bdedc6a0e4555889bc6c826fdfc4dc17a5fab4bf7e9662c0d0265;12.0763
Impressora;15923896671bdedc6a0e4555889bc6c826fdfc4dc17a5fab4bf7e9662c0d0265;11.74075
Impressora;15923896671bdedc6a0e4555889bc6c826fdfc4dc17a5fab4bf7e9662c0d0265;46.0668
Impressora;15923896671bdedc6a0e4555889bc6c826fdfc4dc17a5fab4bf7e9662c0d0265;79.76579
Impressora;15923896671bdedc6a0e4555889bc6c826fdfc4dc17a5fab4bf7e9662c0d0265;102.2311
Impressora;15923896671bdedc6a0e4555889bc6c826fdfc4dc17a5fab4bf7e9662c0d0265;106.79826
Impressora;15923896671bdedc6a0e4555889bc6c826fdfc4dc17a5fab4bf7e9662c0d0265;81.72857
Impressora;15923896671bdedc6a0e4555889bc6c826fdfc4dc17a5fab4bf7e9662c0d0265;67.57927
Impressora;15923896671bdedc6a0e4555889bc6c826fdfc4dc17a5fab4bf7e9662c0d0265;66.70765
Impressora;15923896671bdedc6a0e4555889bc6c826fdfc4dc17a5fab4bf7e9662c0d0265;48.85866
Impressora;15923896671bdedc6a0e4555889bc6c826fdfc4dc17a5fab4bf7e9662c0d0265;6.88569
Impressora;15923896671bdedc6a0e4555889bc6c826fdfc4dc17a5fab4bf7e9662c0d0265;52.2529
Impressora;15923896671bdedc6a0e4555889bc6c826fdfc4dc17a5fab4bf7e9662c0d0265;63.02708
Impressora;15923896671bdedc6a0e4555889bc6c826fdfc4dc17a5fab4bf7e9662c0d0265;98.33316
Impressora;15923896671bdedc6a0e4555889bc6c826fdfc4dc17a5fab4bf7e9662c0d0265;86.54153
Aquecedor de Ambiente;e732a85a2acfe133bf75a43b2d88a44a1c4e1932748c8c2894425dd50306a8d3;219.34192
Aquecedor de Ambiente;e732a85a2acfe133bf75a43b2d88a44a1c4e1932748c8c2894425dd50306a8d3;220.5735
Aquecedor de Ambiente;e732a85a2acfe133bf75a43b2d88a44a1c4e1932748c8c2894425dd50306a8d3;218.0
Aquecedor de Ambiente;e732a85a2acfe133bf75a43b2d88a44a1c4e1932748c8c2894425dd50306a8d3;221.42473
Aquecedor de Ambiente;e732a85a2acfe133bf75a43b2d88a44a1c4e1932748c8c2894425dd50306a8d3;218.8166
Aquecedor de Ambiente;e732a85a2acfe133bf75a43b2d88a44a1c4e1932748c8c2894425dd50306a8d3;220.94797
Aquecedor de Ambiente;e732a85a2acfe133bf75a43b2d88a44a1c4e1932748c8c2894425dd50306a8d3;218.90163
Aquecedor de Ambiente;e732a85a2acfe133bf75a43b2d88a44a1c4e1932748c8c2894425dd50306a8d3;221.88599
Aquecedor de Ambiente;e732a85a2acfe133bf75a43b2d88a44a1c4e1932748c8c2894425dd50306a8d3;220.54458
Aquecedor de Ambiente;e732a85a2acfe133bf75a43b2d88a44a1c4e1932748c8c2894425dd50306a8d3;219.04917
Aquecedor de Ambiente;e732a85a2acfe133bf75a43b2d88a44a1c4e1932748c8c2894425dd50306a8d3;220.53929
Aquecedor de Ambiente;e732a85a2acfe133bf75a43b2d88a44a1c4e1932748c8c2894425dd50306a8d3;218.73708
Aquecedor de Ambiente;e732a85a2acfe133bf75a43b2d88a44a1c4e1932748c8c2894425dd50306a8d3;220.32794
Aquecedor de Ambiente;e732a85a2acfe133bf75a43b2d88a44a1c4e1932748c8c2894425dd50306a8d3;218.7368
Aquecedor de Ambiente;e732a85a2acfe133bf75a43b2d88a44a1c4e1932748c8c2894425dd50306a8d3;219.98799
Aquecedor de Ambiente;e732a85a2acfe133bf75a43b2d88a44a1c4e1932748c8c2894425dd50306a8d3;219.01854
Aquecedor de Ambiente;e732a85a2acfe133bf75a43b2d88a44a1c4e1932748c8c2894425dd50306a8d3;221.33418
Aquecedor de Ambiente;e732a85a2acfe133bf75a43b2d88a44a1c4e1932748c8c2894425dd50306a8d3;219.05127
Aquecedor de Ambiente;e732a85a2acfe133bf75a43b2d88a44a1c4e1932748c8c2894425dd50306a8d3;218.396
Aquecedor de Ambiente;e732a85a2acfe133bf75a43b2d88a44a1c4e1932748c8c2894425dd50306a8d3;220.55589
Aquecedor de Ambiente;e732a85a2acfe133bf75a43b2d88a44a1c4e1932748c8c2894425dd50306a8d3;220.39381
Aquecedor de Ambiente;e732a85a2acfe133bf75a43b2d88a44a1c4e1932748c8c2894425dd50306a8d3;219.13325
Aquecedor de Ambiente;e732a85a2acfe133bf75a43b2d88a44a1c4e1932748c8c2894425dd50306a8d3;214.87957
Aquecedor de Ambiente;e732a85a2acfe133bf75a43b2d88a44a1c4e1932748c8c2894425dd50306a8d3;209.23196
Ar-Condicionado 10.000 BTU;a5bc0519be1c9b5fd424cf3be973f09d391ed0fcbe897084c3447e3db3eaa65a;219.33137
Ar-Condicionado 10.000 BTU;a5bc0519be1c9b5fd424cf3be973f09d391ed0fcbe897084c3447e3db3eaa65a;218.95741
Ar-Condicionado 10.000 BTU;a5bc0519be1c9b5fd424cf3be973f09d391ed0fcbe897084c3447e3db3eaa65a;221.44732
Ar-Condicionado 10.000 BTU;a5bc0519be1c9b5fd424cf3be973f09d391ed0fcbe897084c3447e3db3eaa65a;219.0454
Ar-Condicionado 10.000 BTU;a5bc0519be1c9b5fd424cf3be973f09d391ed0fcbe897084c3447e3db3eaa65a;219.29423
Ar-Condicionado 10.000 BTU;a5bc0519be1c9b5fd424cf3be973f09d391ed0fcbe897084c3447e3db3eaa65a;219.8003
Ar-Condicionado 10.000 BTU;a5bc0519be1c9b5fd424cf3be973f09d391ed0fcbe897084c3447e3db3eaa65a;221.9275
Ar-Condicionado 10.000 BTU;a5bc0519be1c9b5fd424cf3be973f09d391ed0fcbe897084c3447e3db3eaa65a;218.0
Ar-Condicionado 10.000 BTU;a5bc0519be1c9b5fd424cf3be973f09d391ed0fcbe897084c3447e3db3eaa65a;220.76628
Ar-Condicionado 10.000 BTU;a5bc0519be1c9b5fd424cf3be973f09d391ed0fcbe897084c3447e3db3eaa65a;219.63737
Ar-Condicionado 10.000 BTU;a5bc0519be1c9b5fd424cf3be973f09d391ed0fcbe897084c3447e3db3eaa65a;221.50048
Ar-Condicionado 10.000 BTU;a5bc0519be1c9b5fd424cf3be973f09d391ed0fcbe897084c3447e3db3eaa65a;220.88275
Ar-Condicionado 10.000 BTU;a5bc0519be1c9b5fd424cf3be973f09d391ed0fcbe897084c3447e3db3eaa65a;220.71258
Ar-Condicionado 10.000 BTU;a5bc0519be1c9b5fd424cf3be973f09d391ed0fcbe897084c3447e3db3eaa65a;219.83679
Ar-Condicionado 10.000 BTU;a5bc0519be1c9b5fd424cf3be973f09d391ed0fcbe897084c3447e3db3eaa65a;220.51594
Ar-Condicionado 10.000 BTU;a5bc0519be1c9b5fd424cf3be973f09d391ed0fcbe897084c3447e3db3eaa65a;221.63895
Ar-Condicionado 10.000 BTU;a5bc0519be1c9b5fd424cf3be973f09d391ed0fcbe897084c3447e3db3eaa65a;221.52385
Ar-Condicionado 10.000 BTU;a5bc0519be1c9b5fd424cf3be973f09d391ed0fcbe897084c3447e3db3eaa65a;218.14377
Ar-Condicionado 10.000 BTU;a5bc0519be1c9b5fd424cf3be973f09d391ed0fcbe897084c3447e3db3eaa65a;219.56183
Ar-Condicionado 10.000 BTU;a5bc0519be1c9b5fd424cf3be973f09d391ed0fcbe897084c3447e3db3eaa65a;212.56802
Ar-Condicionado 10.000 BTU;a5bc0519be1c9b5fd424cf3be973f09d391ed0fcbe897084c3447e3db3eaa65a;205.7686
Ar-Condicionado 10.000 BTU;a5bc0519be1c9b5fd424cf3be973f09d391ed0fcbe897084c3447e3db3eaa65a;198.0
Ar-Condicionado 10.000 BTU;a5bc0519be1c9b5fd424cf3be973f09d391ed0fcbe897084c3447e3db3eaa65a;199.26947
Ar-Condicionado 10.000 BTU;a5bc0519be1c9b5fd424cf3be973f09d391ed0fcbe897084c3447e3db3eaa65a;206.3355
Circulador de Ar Grande;c19dfa77cfd72963332fdd0c82591bbc8f9c0ed1ac72706ef76413ba6ec627dd;218.97527
Circulador de Ar Grande;c19dfa77cfd72963332fdd0c82591bbc8f9c0ed1ac72706ef76413ba6ec627dd;218.91466
Circulador de Ar Grande;c19dfa77cfd72963332fdd0c82591bbc8f9c0ed1ac72706ef76413ba6ec627dd;221.71759
Circulador de Ar Grande;c19dfa77cfd72963332fdd0c82591bbc8f9c0ed1ac72706ef76413ba6ec627dd;219.09245
Circulador de Ar Grande;c19dfa77cfd72963332fdd0c82591bbc8f9c0ed1ac72706ef76413ba6ec627dd;218.86005
Circulador de Ar Grande;c19dfa77cfd72963332fdd0c82591bbc8f9c0ed1ac72706ef76413ba6ec627dd;221.14403
Circulador de Ar Grande;c19dfa77cfd72963332fdd0c82591bbc8f9c0ed1ac72706ef76413ba6ec627dd;219.42529
Circulador de Ar Grande;c19dfa77cfd72963332fdd0c82591bbc8f9c0ed1ac72706ef76413ba6ec627dd;218.80068
Circulador de Ar Grande;c19dfa77cfd72963332fdd0c82591bbc8f9c0ed1ac72706ef76413ba6ec627dd;221.09923
Circulador de Ar Grande;c19dfa77cfd72963332fdd0c82591bbc8f9c0ed1ac72706ef76413ba6ec627dd;221.31327
Circulador de Ar Grande;c19dfa77cfd72963332fdd0c82591bbc8f9c0ed1ac72706ef76413ba6ec627dd;219.63685
Circulador de Ar Grande;c19dfa77cfd72963332fdd0c82591bbc8f9c0ed1ac72706ef76413ba6ec627dd;219.66466
Circulador de Ar Grande;c19dfa77cfd72963332fdd0c82591bbc8f9c0ed1ac72706ef76413ba6ec627dd;220.43679
Circulador de Ar Grande;c19dfa77cfd72963332fdd0c82591bbc8f9c0ed1ac72706ef76413ba6ec627dd;220.58949
Circulador de Ar Grande;c19dfa77cfd72963332fdd0c82591bbc8f9c0ed1ac72706ef76413ba6ec627dd;220.00336
Circulador de Ar Grande;c19dfa77cfd72963332fdd0c82591bbc8f9c0ed1ac72706ef76413ba6ec627dd;220.47898
Circulador de Ar Grande;c19dfa77cfd72963332fdd0c82591bbc8f9c0ed1ac72706ef76413ba6ec627dd;219.39953
Circulador de Ar Grande;c19dfa77cfd72963332fdd0c82591bbc8f9c0ed1ac72706ef76413ba6ec627dd;220.70474
Circulador de Ar Grande;c19dfa77cfd72963332fdd0c82591bbc8f9c0ed1ac72706ef76413ba6ec627dd;220.88638
Circulador de Ar Grande;c19dfa77cfd72963332fdd0c82591bbc8f9c0ed1ac72706ef76413ba6ec627dd;219.59603
Circulador de Ar Grande;c19dfa77cfd72963332fdd0c82591bbc8f9c0ed1ac72706ef76413ba6ec627dd;222.0
Circulador de Ar Grande;c19dfa77cfd72963332fdd0c82591bbc8f9c0ed1ac72706ef76413ba6ec627dd;220.12734
Circulador de Ar Grande;c19dfa77cfd72963332fdd0c82591bbc8f9c0ed1ac72706ef76413ba6ec627dd;221.20209
Circulador de Ar Grande;c19dfa77cfd72963332fdd0c82591bbc8f9c0ed1ac72706ef76413ba6ec627dd;220.14141
TV em Cores - 20;2fe1c44ff6ca25ffe442abf67db46bd91292ef320b6e1582d2d83d1f6fc93632;218.91241
TV em Cores - 20;2fe1c44ff6ca25ffe442abf67db46bd91292ef320b6e1582d2d83d1f6fc93632;220.66742
TV em Cores - 20;2fe1c44ff6ca25ffe442abf67db46bd91292ef320b6e1582d2d83d1f6fc93632;220.6663
TV em Cores - 20;2fe1c44ff6ca25ffe442abf67db46bd91292ef320b6e1582d2d83d1f6fc93632;218.73766
TV em Cores - 20;2fe1c44ff6ca25ffe442abf67db46bd91292ef320b6e1582d2d83d1f6fc93632;221.80303
TV em Cores - 20;2fe1c44ff6ca25ffe442abf67db46bd91292ef320b6e1582d2d83d1f6fc93632;221.33028
TV em Cores - 20;2fe1c44ff6ca25ffe442abf67db46bd91292ef320b6e1582d2d83d1f6fc93632;221.98112
TV em Cores - 20;2fe1c44ff6ca25ffe442abf67db46bd91292ef320b6e1582d2d83d1f6fc93632;220.47528
TV em Cores - 20;2fe1c44ff6ca25ffe442abf67db46bd91292ef320b6e1582d2d83d1f6fc93632;219.52722
TV em Cores - 20;2fe1c44ff6ca25ffe442abf67db46bd91292ef320b6e1582d2d83d1f6fc93632;220.34093
TV em Cores - 20;2fe1c44ff6ca25ffe442abf67db46bd91292ef320b6e1582d2d83d1f6fc93632;219.27818
TV em Cores - 20;2fe1c44ff6ca25ffe442abf67db46bd91292ef320b6e1582d2d83d1f6fc93632;219.13968
TV em Cores - 20;2fe1c44ff6ca25ffe442abf67db46bd91292ef320b6e1582d2d83d1f6fc93632;216.52803
TV em Cores - 20;2fe1c44ff6ca25ffe442abf67db46bd91292ef320b6e1582d2d83d1f6fc93632;212.53797
TV em Cores - 20;2fe1c44ff6ca25ffe442abf67db46bd91292ef320b6e1582d2d83d1f6fc93632;210.91006
TV em Cores - 20;2fe1c44ff6ca25ffe442abf67db46bd91292ef320b6e1582d2d83d1f6fc93632;205.14234
TV em Cores - 20;2fe1c44ff6ca25ffe442abf67db46bd91292ef320b6e1582d2d83d1f6fc93632;201.93824
TV em Cores - 20;2fe1c44ff6ca25ffe442abf67db46bd91292ef320b6e1582d2d83d1f6fc93632;198.76291
TV em Cores - 20;2fe1c44ff6ca25ffe442abf67db46bd91292ef320b6e1582d2d83d1f6fc93632;198.08587
TV em Cores - 20;2fe1c44ff6ca25ffe442abf67db46bd91292ef320b6e1582d2d83d1f6fc93632;202.79462
TV em Cores - 20;2fe1c44ff6ca25ffe442abf67db46bd91292ef320b6e1582d2d83d1f6fc93632;205.83685
TV em Cores - 20;2fe1c44ff6ca25ffe442abf67db46bd91292ef320b6e1582d2d83d1f6fc93632;209.61481
TV em Cores - 20;2fe1c44ff6ca25ffe442abf67db46bd91292ef320b6e1582d2d83d1f6fc93632;212.31564
TV em Cores - 20;2fe1c44ff6ca25ffe442abf67db46bd91292ef320b6e1582d2d83d1f6fc93632;215.5134
TV em Cores - 29;3c20cb6a182a4eeb154ab8077fbe1b3d2cec9166ab933375b216f686fd96e33c;24.02
TV em Cores - 29;3c20cb6a182a4eeb154ab8077fbe1b3d2cec9166ab933375b216f686fd96e33c;26.3
TV em Cores - 29;3c20cb6a182a4eeb154ab8077fbe1b3d2cec9166ab933375b216f686fd96e33c;23.04
TV em Cores - 29;3c20cb6a182a4eeb154ab8077fbe1b3d2cec9166ab933375b216f686fd96e33c;27.79
TV em Cores - 29;3c20cb6a182a4eeb154ab8077fbe1b3d2cec9166ab933375b216f686fd96e33c;24.78
TV em Cores - 29;3c20cb6a182a4eeb154ab8077fbe1b3d2cec9166ab933375b216f686fd96e33c;26.35
TV em Cores - 29;3c20cb6a182a4eeb154ab8077fbe1b3d2cec9166ab933375b216f686fd96e33c;26.15
TV em Cores - 29;3c20cb6a182a4eeb154ab8077fbe1b3d2cec9166ab933375b216f686fd96e33c;23.69
TV em Cores - 29;3c20cb6a182a4eeb154ab8077fbe1b3d2cec9166ab933375b216f686fd96e33c;28.49
TV em Cores - 29;3c20cb6a182a4eeb154ab8077fbe1b3d2cec9166ab933375b216f686fd96e33c;27.02
TV em Cores - 29;3c20cb6a182a4eeb154ab8077fbe1b3d2cec9166ab933375b216f686fd96e33c;26.11
TV em Cores - 29;3c20cb6a182a4eeb154ab8077fbe1b3d2cec9166ab933375b216f686fd96e33c;24.98
TV em Cores - 29;3c20cb6a182a4eeb154ab8077fbe1b3d2cec9166ab933375b216f686fd96e33c;23.23
TV em Cores - 29;3c20cb6a182a4eeb154ab8077fbe1b3d2cec9166ab933375b216f686fd96e33c;25.04
TV em Cores - 29;3c20cb6a182a4eeb154ab8077fbe1b3d2cec9166ab933375b216f686fd96e33c;24.01
TV em Cores - 29;3c20cb6a182a4eeb154ab8077fbe1b3d2cec9166ab933375b216f686fd96e33c;25.22
TV em Cores - 29;3c20cb6a182a4eeb154ab8077fbe1b3d2cec9166ab933375b216f686fd96e33c;21.62
TV em Cores - 29;3c20cb6a182a4eeb154ab8077fbe1b3d2cec9166ab933375b216f686fd96e33c;21.95
TV em Cores - 29;3c20cb6a182a4eeb154ab8077fbe1b3d2cec9166ab933375b216f686fd96e33c;24.94
TV em Cores - 29;3c20cb6a182a4eeb154ab8077fbe1b3d2cec9166ab933375b216f686fd96e33c;23.36
TV em Cores - 29;3c20cb6a182a4eeb154ab8077fbe1b3d2cec9166ab933375b216f686fd96e33c;22.87
TV em Cores - 29;3c20cb6a182a4eeb154ab8077fbe1b3d2cec9166ab933375b216f686fd96e33c;25.98
TV em Cores - 29;3c20cb6a182a4eeb154ab8077fbe1b3d2cec9166ab933375b216f686fd96e33c;24.6
TV em Cores - 29;3c20cb6a182a4eeb154ab8077fbe1b3d2cec9166ab933375b216f686fd96e33c;27.02
TV em Cores - 14;1f5357b6261dde636470cf79f71a2e5e6b3122ab38c0afa84959a6f59984f0eb;27.95
TV em Cores - 14;1f5357b6261dde636470cf79f71a2e5e6b3122ab38c0afa84959a6f59984f0eb;23.8
TV em Cores - 14;1f5357b6261dde636470cf79f71a2e5e6b3122ab38c0afa84959a6f59984f0eb;22.95
TV em Cores - 14;1f5357b6261dde636470cf79f71a2e5e6b3122ab38c0afa84959a6f59984f0eb;25.62
TV em Cores - 14;1f5357b6261dde636470cf79f71a2e5e6b3122ab38c0afa84959a6f59984f0eb;24.45
TV em Cores - 14;1f5357b6261dde636470cf79f71a2e5e6b3122ab38c0afa84959a6f59984f0eb;22.59
TV em Cores - 14;1f5357b6261dde636470cf79f71a2e5e6b3122ab38c0afa84959a6f59984f0eb;26.96
TV em Cores - 14;1f5357b6261dde636470cf79f71a2e5e6b3122ab38c0afa84959a6f59984f0eb;27.51
TV em Cores - 14;1f5357b6261dde636470cf79f71a2e5e6b3122ab38c0afa84959a6f59984f0eb;24.17
TV em Cores - 14;1f5357b6261dde636470cf79f71a2e5e6b3122ab38c0afa84959a6f59984f0eb;28.78
TV em Cores - 14;1f5357b6261dde636470cf79f71a2e5e6b3122ab38c0afa84959a6f59984f0eb;27.88
TV em Cores - 14;1f5357b6261dde636470cf79f71a2e5e6b3122ab38c0afa84959a6f59984f0eb;28.75
TV em Cores - 14;1f5357b6261dde636470cf79f71a2e5e6b3122ab38c0afa84959a6f59984f0eb;24.01
TV em Cores - 14;1f5357b6261dde636470cf79f71a2e5e6b3122ab38c0afa84959a6f59984f0eb;23.46
TV em Cores - 14;1f5357b6261dde636470cf79f71a2e5e6b3122ab38c0afa84959a6f59984f0eb;24.18
TV em Cores - 14;1f5357b6261dde636470cf79f71a2e5e6b3122ab38c0afa84959a6f59984f0eb;26.85
TV em Cores - 14;1f5357b6261dde636470cf79f71a2e5e6b3122ab38c0afa84959a6f59984f0eb;23.84
TV em Cores - 14;1f5357b6261dde636470cf79f71a2e5e6b3122ab38c0afa84959a6f59984f0eb;24.58
TV em Cores - 14;1f5357b6261dde636470cf79f71a2e5e6b3122ab38c0afa84959a6f59984f0eb;23.05
TV em Cores - 14;1f5357b6261dde636470cf79f71a2e5e6b3122ab38c0afa84959a6f59984f0eb;24.7
TV em Cores - 14;1f5357b6261dde636470cf79f71a2e5e6b3122ab38c0afa84959a6f59984f0eb;29.78
TV em Cores - 14;1f5357b6261dde636470cf79f71a2e5e6b3122ab38c0afa84959a6f59984f0eb;27.85
TV em Cores - 14;1f5357b6261dde636470cf79f71a2e5e6b3122ab38c0afa84959a6f59984f0eb;23.2
TV em Cores - 14;1f5357b6261dde636470cf79f71a2e5e6b3122ab38c0afa84959a6f59984f0eb;28.56
LÃ¢mpada Incandescente - 60 W;c3c7f0381271da880e438d1feb9540a16f739557ba4ae5ae12db8edeb8ac697b;26.02
LÃ¢mpada Incandescente - 60 W;c3c7f0381271da880e438d1feb9540a16f739557ba4ae5ae12db8edeb8ac697b;28.43
LÃ¢mpada Incandescente - 60 W;c3c7f0381271da880e438d1feb9540a16f739557ba4ae5ae12db8edeb8ac697b;28.01
LÃ¢mpada Incandescente - 60 W;c3c7f0381271da880e438d1feb9540a16f739557ba4ae5ae12db8edeb8ac697b;24.69
LÃ¢mpada Incandescente - 60 W;c3c7f0381271da880e438d1feb9540a16f739557ba4ae5ae12db8edeb8ac697b;24.4
LÃ¢mpada Incandescente - 60 W;c3c7f0381271da880e438d1feb9540a16f739557ba4ae5ae12db8edeb8ac697b;24.19
LÃ¢mpada Incandescente - 60 W;c3c7f0381271da880e438d1feb9540a16f739557ba4ae5ae12db8edeb8ac697b;20.26
LÃ¢mpada Incandescente - 60 W;c3c7f0381271da880e438d1feb9540a16f739557ba4ae5ae12db8edeb8ac697b;26.54
LÃ¢mpada Incandescente - 60 W;c3c7f0381271da880e438d1feb9540a16f739557ba4ae5ae12db8edeb8ac697b;25.31
LÃ¢mpada Incandescente - 60 W;c3c7f0381271da880e438d1feb9540a16f739557ba4ae5ae12db8edeb8ac697b;24.25
LÃ¢mpada Incandescente - 60 W;c3c7f0381271da880e438d1feb9540a16f739557ba4ae5ae12db8edeb8ac697b;24.76
LÃ¢mpada Incandescente - 60 W;c3c7f0381271da880e438d1feb9540a16f739557ba4ae5ae12db8edeb8ac697b;24.3
LÃ¢mpada Incandescente - 60 W;c3c7f0381271da880e438d1feb9540a16f739557ba4ae5ae12db8edeb8ac697b;25.22
LÃ¢mpada Incandescente - 60 W;c3c7f0381271da880e438d1feb9540a16f739557ba4ae5ae12db8edeb8ac697b;21.6
LÃ¢mpada Incandescente - 60 W;c3c7f0381271da880e438d1feb9540a16f739557ba4ae5ae12db8edeb8ac697b;26.06
LÃ¢mpada Incandescente - 60 W;c3c7f0381271da880e438d1feb9540a16f739557ba4ae5ae12db8edeb8ac697b;20.96
LÃ¢mpada Incandescente - 60 W;c3c7f0381271da880e438d1feb9540a16f739557ba4ae5ae12db8edeb8ac697b;22.1
LÃ¢mpada Incandescente - 60 W;c3c7f0381271da880e438d1feb9540a16f739557ba4ae5ae12db8edeb8ac697b;21.85
LÃ¢mpada Incandescente - 60 W;c3c7f0381271da880e438d1feb9540a16f739557ba4ae5ae12db8edeb8ac697b;30.16
LÃ¢mpada Incandescente - 60 W;c3c7f0381271da880e438d1feb9540a16f739557ba4ae5ae12db8edeb8ac697b;23.68
LÃ¢mpada Incandescente - 60 W;c3c7f0381271da880e438d1feb9540a16f739557ba4ae5ae12db8edeb8ac697b;24.74
LÃ¢mpada Incandescente - 60 W;c3c7f0381271da880e438d1feb9540a16f739557ba4ae5ae12db8edeb8ac697b;26.0
LÃ¢mpada Incandescente - 60 W;c3c7f0381271da880e438d1feb9540a16f739557ba4ae5ae12db8edeb8ac697b;26.12
LÃ¢mpada Incandescente - 60 W;c3c7f0381271da880e438d1feb9540a16f739557ba4ae5ae12db8edeb8ac697b;23.23
Multiprocessador;516a1e6b1bc2f098f06352e126f839c7b2cdfd163f9f776bf5be7e4c51f8c5c0;23.6
Multiprocessador;516a1e6b1bc2f098f06352e126f839c7b2cdfd163f9f776bf5be7e4c51f8c5c0;23.13
Multiprocessador;516a1e6b1bc2f098f06352e126f839c7b2cdfd163f9f776bf5be7e4c51f8c5c0;28.79
Multiprocessador;516a1e6b1bc2f098f06352e126f839c7b2cdfd163f9f776bf5be7e4c51f8c5c0;26.03
Multiprocessador;516a1e6b1bc2f098f06352e126f839c7b2cdfd163f9f776bf5be7e4c51f8c5c0;26.4
Multiprocessador;516a1e6b1bc2f098f06352e126f839c7b2cdfd163f9f776bf5be7e4c51f8c5c0;24.96
Multiprocessador;516a1e6b1bc2f098f06352e126f839c7b2cdfd163f9f776bf5be7e4c51f8c5c0;26.35
Multiprocessador;516a1e6b1bc2f098f06352e126f839c7b2cdfd163f9f776bf5be7e4c51f8c5c0;25.64
Multiprocessador;516a1e6b1bc2f098f06352e126f839c7b2cdfd163f9f776bf5be7e4c51f8c5c0;26.2
Multiprocessador;516a1e6b1bc2f098f06352e126f839c7b2cdfd163f9f776bf5be7e4c51f8c5c0;24.85
Multiprocessador;516a1e6b1bc2f098f06352e126f839c7b2cdfd163f9f776bf5be7e4c51f8c5c0;25.62
Multiprocessador;516a1e6b1bc2f098f06352e126f839c7b2cdfd163f9f776bf5be7e4c51f8c5c0;23.58
Multiprocessador;516a1e6b1bc2f098f06352e126f839c7b2cdfd163f9f776bf5be7e4c51f8c5c0;25.03
Multiprocessador;516a1e6b1bc2f098f06352e126f839c7b2cdfd163f9f776bf5be7e4c51f8c5c0;23.73
Multiprocessador;516a1e6b1bc2f098f06352e126f839c7b2cdfd163f9f776bf5be7e4c51f8c5c0;27.07
Multiprocessador;516a1e6b1bc2f098f06352e126f839c7b2cdfd163f9f776bf5be7e4c51f8c5c0;27.04
Multiprocessador;516a1e6b1bc2f098f06352e126f839c7b2cdfd163f9f776bf5be7e4c51f8c5c0;22.98
Multiprocessador;516a1e6b1bc2f098f06352e126f839c7b2cdfd163f9f776bf5be7e4c51f8c5c0;24.26
Multiprocessador;516a1e6b1bc2f098f06352e126f839c7b2cdfd163f9f776bf5be7e4c51f8c5c0;27.65
Multiprocessador;516a1e6b1bc2f098f06352e126f839c7b2cdfd163f9f776bf5be7e4c51f8c5c0;25.64
Multiprocessador;516a1e6b1bc2f098f06352e126f839c7b2cdfd163f9f776bf5be7e4c51f8c5c0;27.76
Multiprocessador;516a1e6b1bc2f098f06352e126f839c7b2cdfd163f9f776bf5be7e4c51f8c5c0;25.29
Multiprocessador;516a1e6b1bc2f098f06352e126f839c7b2cdfd163f9f776bf5be7e4c51f8c5c0;21.66
Multiprocessador;516a1e6b1bc2f098f06352e126f839c7b2cdfd163f9f776bf5be7e4c51f8c5c0;26.47
Ar-Condicionado 12.000 BTU;1f5357b6261dde636470cf79f71a2e5e6b3122ab38c0afa84959a6f59984f0eb;2.22829
Ar-Condicionado 12.000 BTU;1f5357b6261dde636470cf79f71a2e5e6b3122ab38c0afa84959a6f59984f0eb;27.02857
Ar-Condicionado 12.000 BTU;1f5357b6261dde636470cf79f71a2e5e6b3122ab38c0afa84959a6f59984f0eb;-38.16646
Ar-Condicionado 12.000 BTU;1f5357b6261dde636470cf79f71a2e5e6b3122ab38c0afa84959a6f59984f0eb;-14.90266
Ar-Condicionado 12.000 BTU;1f5357b6261dde636470cf79f71a2e5e6b3122ab38c0afa84959a6f59984f0eb;1.97816
Ar-Condicionado 12.000 BTU;1f5357b6261dde636470cf79f71a2e5e6b3122ab38c0afa84959a6f59984f0eb;69.4096
Ar-Condicionado 12.000 BTU;1f5357b6261dde636470cf79f71a2e5e6b3122ab38c0afa84959a6f59984f0eb;46.81124
Ar-Condicionado 12.000 BTU;1f5357b6261dde636470cf79f71a2e5e6b3122ab38c0afa84959a6f59984f0eb;-1.22113
Ar-Condicionado 12.000 BTU;1f5357b6261dde636470cf79f71a2e5e6b3122ab38c0afa84959a6f59984f0eb;27.90762
Ar-Condicionado 12.000 BTU;1f5357b6261dde636470cf79f71a2e5e6b3122ab38c0afa84959a6f59984f0eb;11.15161
Ar-Condicionado 12.000 BTU;1f5357b6261dde636470cf79f71a2e5e6b3122ab38c0afa84959a6f59984f0eb;-26.24489
Ar-Condicionado 12.000 BTU;1f5357b6261dde636470cf79f71a2e5e6b3122ab38c0afa84959a6f59984f0eb;-19.84228
Ar-Condicionado 12.000 BTU;1f5357b6261dde636470cf79f71a2e5e6b3122ab38c0afa84959a6f59984f0eb;-26.61387
Ar-Condicionado 12.000 BTU;1f5357b6261dde636470cf79f71a2e5e6b3122ab38c0afa84959a6f59984f0eb;2.33724
Ar-Condicionado 12.000 BTU;1f5357b6261dde636470cf79f71a2e5e6b3122ab38c0afa84959a6f59984f0eb;9.7458
Ar-Condicionado 12.000 BTU;1f5357b6261dde636470cf79f71a2e5e6b3122ab38c0afa84959a6f59984f0eb;-48.67969
Ar-Condicionado 12.000 BTU;1f5357b6261dde636470cf79f71a2e5e6b3122ab38c0afa84959a6f59984f0eb;36.90445
Ar-Condicionado 12.000 BTU;1f5357b6261dde636470cf79f71a2e5e6b3122ab38c0afa84959a6f59984f0eb;6.1136
Ar-Condicionado 12.000 BTU;1f5357b6261dde636470cf79f71a2e5e6b3122ab38c0afa84959a6f59984f0eb;0.08726
Ar-Condicionado 12.000 BTU;1f5357b6261dde636470cf79f71a2e5e6b3122ab38c0afa84959a6f59984f0eb;-4.84623
Ar-Condicionado 12.000 BTU;1f5357b6261dde636470cf79f71a2e5e6b3122ab38c0afa84959a6f59984f0eb;52.6693
Ar-Condicionado 12.000 BTU;1f5357b6261dde636470cf79f71a2e5e6b3122ab38c0afa84959a6f59984f0eb;-0.66349
Ar-Condicionado 12.000 BTU;1f5357b6261dde636470cf79f71a2e5e6b3122ab38c0afa84959a6f59984f0eb;-0.45169
Ar-Condicionado 12.000 BTU;1f5357b6261dde636470cf79f71a2e5e6b3122ab38c0afa84959a6f59984f0eb;26.53701
Ar-Condicionado 7.500 BTU;ba86111d8f0e8115ba73c28cc1b44e84862afbcb30fd5d32bc3d6779046d058f;2.22829
Ar-Condicionado 7.500 BTU;ba86111d8f0e8115ba73c28cc1b44e84862afbcb30fd5d32bc3d6779046d058f;27.02857
Ar-Condicionado 7.500 BTU;ba86111d8f0e8115ba73c28cc1b44e84862afbcb30fd5d32bc3d6779046d058f;-38.16646
Ar-Condicionado 7.500 BTU;ba86111d8f0e8115ba73c28cc1b44e84862afbcb30fd5d32bc3d6779046d058f;-14.90266
Ar-Condicionado 7.500 BTU;ba86111d8f0e8115ba73c28cc1b44e84862afbcb30fd5d32bc3d6779046d058f;1.97816
Ar-Condicionado 7.500 BTU;ba86111d8f0e8115ba73c28cc1b44e84862afbcb30fd5d32bc3d6779046d058f;69.4096
Ar-Condicionado 7.500 BTU;ba86111d8f0e8115ba73c28cc1b44e84862afbcb30fd5d32bc3d6779046d058f;46.81124
Ar-Condicionado 7.500 BTU;ba86111d8f0e8115ba73c28cc1b44e84862afbcb30fd5d32bc3d6779046d058f;-1.22113
Ar-Condicionado 7.500 BTU;ba86111d8f0e8115ba73c28cc1b44e84862afbcb30fd5d32bc3d6779046d058f;27.90762
Ar-Condicionado 7.500 BTU;ba86111d8f0e8115ba73c28cc1b44e84862afbcb30fd5d32bc3d6779046d058f;11.15161
Ar-Condicionado 7.500 BTU;ba86111d8f0e8115ba73c28cc1b44e84862afbcb30fd5d32bc3d6779046d058f;-26.24489
Ar-Condicionado 7.500 BTU;ba86111d8f0e8115ba73c28cc1b44e84862afbcb30fd5d32bc3d6779046d058f;-19.84228
Ar-Condicionado 7.500 BTU;ba86111d8f0e8115ba73c28cc1b44e84862afbcb30fd5d32bc3d6779046d058f;-26.61387
Ar-Condicionado 7.500 BTU;ba86111d8f0e8115ba73c28cc1b44e84862afbcb30fd5d32bc3d6779046d058f;2.33724
Ar-Condicionado 7.500 BTU;ba86111d8f0e8115ba73c28cc1b44e84862afbcb30fd5d32bc3d6779046d058f;9.7458
Ar-Condicionado 7.500 BTU;ba86111d8f0e8115ba73c28cc1b44e84862afbcb30fd5d32bc3d6779046d058f;-48.67969
Ar-Condicionado 7.500 BTU;ba86111d8f0e8115ba73c28cc1b44e84862afbcb30fd5d32bc3d6779046d058f;36.90445
Ar-Condicionado 7.500 BTU;ba86111d8f0e8115ba73c28cc1b44e84862afbcb30fd5d32bc3d6779046d058f;6.1136
Ar-Condicionado 7.500 BTU;ba86111d8f0e8115ba73c28cc1b44e84862afbcb30fd5d32bc3d6779046d058f;0.08726
Ar-Condicionado 7.500 BTU;ba86111d8f0e8115ba73c28cc1b44e84862afbcb30fd5d32bc3d6779046d058f;-4.84623
Ar-Condicionado 7.500 BTU;ba86111d8f0e8115ba73c28cc1b44e84862afbcb30fd5d32bc3d6779046d058f;52.6693
Ar-Condicionado 7.500 BTU;ba86111d8f0e8115ba73c28cc1b44e84862afbcb30fd5d32bc3d6779046d058f;-0.66349
Ar-Condicionado 7.500 BTU;ba86111d8f0e8115ba73c28cc1b44e84862afbcb30fd5d32bc3d6779046d058f;-0.45169
Ar-Condicionado 7.500 BTU;ba86111d8f0e8115ba73c28cc1b44e84862afbcb30fd5d32bc3d6779046d058f;26.53701
Circulador de Ar Pequeno/MÃ©dio;5e0682191fc340111e2f50c42c0a2b5028c74916363c342905345aa7b2c2a284;2.22829
Circulador de Ar Pequeno/MÃ©dio;5e0682191fc340111e2f50c42c0a2b5028c74916363c342905345aa7b2c2a284;27.02857
Circulador de Ar Pequeno/MÃ©dio;5e0682191fc340111e2f50c42c0a2b5028c74916363c342905345aa7b2c2a284;-38.16646
Circulador de Ar Pequeno/MÃ©dio;5e0682191fc340111e2f50c42c0a2b5028c74916363c342905345aa7b2c2a284;-14.90266
Circulador de Ar Pequeno/MÃ©dio;5e0682191fc340111e2f50c42c0a2b5028c74916363c342905345aa7b2c2a284;1.97816
Circulador de Ar Pequeno/MÃ©dio;5e0682191fc340111e2f50c42c0a2b5028c74916363c342905345aa7b2c2a284;69.4096
Circulador de Ar Pequeno/MÃ©dio;5e0682191fc340111e2f50c42c0a2b5028c74916363c342905345aa7b2c2a284;46.81124
Circulador de Ar Pequeno/MÃ©dio;5e0682191fc340111e2f50c42c0a2b5028c74916363c342905345aa7b2c2a284;-1.22113
Circulador de Ar Pequeno/MÃ©dio;5e0682191fc340111e2f50c42c0a2b5028c74916363c342905345aa7b2c2a284;27.90762
Circulador de Ar Pequeno/MÃ©dio;5e0682191fc340111e2f50c42c0a2b5028c74916363c342905345aa7b2c2a284;11.15161
Circulador de Ar Pequeno/MÃ©dio;5e0682191fc340111e2f50c42c0a2b5028c74916363c342905345aa7b2c2a284;-26.24489
Circulador de Ar Pequeno/MÃ©dio;5e0682191fc340111e2f50c42c0a2b5028c74916363c342905345aa7b2c2a284;-19.84228
Circulador de Ar Pequeno/MÃ©dio;5e0682191fc340111e2f50c42c0a2b5028c74916363c342905345aa7b2c2a284;-26.61387
Circulador de Ar Pequeno/MÃ©dio;5e0682191fc340111e2f50c42c0a2b5028c74916363c342905345aa7b2c2a284;2.33724
Circulador de Ar Pequeno/MÃ©dio;5e0682191fc340111e2f50c42c0a2b5028c74916363c342905345aa7b2c2a284;9.7458
Circulador de Ar Pequeno/MÃ©dio;5e0682191fc340111e2f50c42c0a2b5028c74916363c342905345aa7b2c2a284;-48.67969
Circulador de Ar Pequeno/MÃ©dio;5e0682191fc340111e2f50c42c0a2b5028c74916363c342905345aa7b2c2a284;36.90445
Circulador de Ar Pequeno/MÃ©dio;5e0682191fc340111e2f50c42c0a2b5028c74916363c342905345aa7b2c2a284;6.1136
Circulador de Ar Pequeno/MÃ©dio;5e0682191fc340111e2f50c42c0a2b5028c74916363c342905345aa7b2c2a284;0.08726
Circulador de Ar Pequeno/MÃ©dio;5e0682191fc340111e2f50c42c0a2b5028c74916363c342905345aa7b2c2a284;-4.84623
Circulador de Ar Pequeno/MÃ©dio;5e0682191fc340111e2f50c42c0a2b5028c74916363c342905345aa7b2c2a284;52.6693
Circulador de Ar Pequeno/MÃ©dio;5e0682191fc340111e2f50c42c0a2b5028c74916363c342905345aa7b2c2a284;-0.66349
Circulador de Ar Pequeno/MÃ©dio;5e0682191fc340111e2f50c42c0a2b5028c74916363c342905345aa7b2c2a284;-0.45169
Circulador de Ar Pequeno/MÃ©dio;5e0682191fc340111e2f50c42c0a2b5028c74916363c342905345aa7b2c2a284;26.53701
Ventilador Pequeno;597399eb972d4f20aa7b1195a2819ad415b016d88dbcf7f4ec95f8d6e34e6682;2.22829
Ventilador Pequeno;597399eb972d4f20aa7b1195a2819ad415b016d88dbcf7f4ec95f8d6e34e6682;27.02857
Ventilador Pequeno;597399eb972d4f20aa7b1195a2819ad415b016d88dbcf7f4ec95f8d6e34e6682;-38.16646
Ventilador Pequeno;597399eb972d4f20aa7b1195a2819ad415b016d88dbcf7f4ec95f8d6e34e6682;-14.90266
Ventilador Pequeno;597399eb972d4f20aa7b1195a2819ad415b016d88dbcf7f4ec95f8d6e34e6682;1.97816
Ventilador Pequeno;597399eb972d4f20aa7b1195a2819ad415b016d88dbcf7f4ec95f8d6e34e6682;69.4096
Ventilador Pequeno;597399eb972d4f20aa7b1195a2819ad415b016d88dbcf7f4ec95f8d6e34e6682;46.81124
Ventilador Pequeno;597399eb972d4f20aa7b1195a2819ad415b016d88dbcf7f4ec95f8d6e34e6682;-1.22113
Ventilador Pequeno;597399eb972d4f20aa7b1195a2819ad415b016d88dbcf7f4ec95f8d6e34e6682;27.90762
Ventilador Pequeno;597399eb972d4f20aa7b1195a2819ad415b016d88dbcf7f4ec95f8d6e34e6682;11.15161
Ventilador Pequeno;597399eb972d4f20aa7b1195a2819ad415b016d88dbcf7f4ec95f8d6e34e6682;-26.24489
Ventilador Pequeno;597399eb972d4f20aa7b1195a2819ad415b016d88dbcf7f4ec95f8d6e34e6682;-19.84228
Ventilador Pequeno;597399eb972d4f20aa7b1195a2819ad415b016d88dbcf7f4ec95f8d6e34e6682;-26.61387
Ventilador Pequeno;597399eb972d4f20aa7b1195a2819ad415b016d88dbcf7f4ec95f8d6e34e6682;2.33724
Ventilador Pequeno;597399eb972d4f20aa7b1195a2819ad415b016d88dbcf7f4ec95f8d6e34e6682;9.7458
Ventilador Pequeno;597399eb972d4f20aa7b1195a2819ad415b016d88dbcf7f4ec95f8d6e34e6682;-48.67969
Ventilador Pequeno;597399eb972d4f20aa7b1195a2819ad415b016d88dbcf7f4ec95f8d6e34e6682;36.90445
Ventilador Pequeno;597399eb972d4f20aa7b1195a2819ad415b016d88dbcf7f4ec95f8d6e34e6682;6.1136
Ventilador Pequeno;597399eb972d4f20aa7b1195a2819ad415b016d88dbcf7f4ec95f8d6e34e6682;0.08726
Ventilador Pequeno;597399eb972d4f20aa7b1195a2819ad415b016d88dbcf7f4ec95f8d6e34e6682;-4.84623
Ventilador Pequeno;597399eb972d4f20aa7b1195a2819ad415b016d88dbcf7f4ec95f8d6e34e6682;52.6693
Ventilador Pequeno;597399eb972d4f20aa7b1195a2819ad415b016d88dbcf7f4ec95f8d6e34e6682;-0.66349
Ventilador Pequeno;597399eb972d4f20aa7b1195a2819ad415b016d88dbcf7f4ec95f8d6e34e6682;-0.45169
Ventilador Pequeno;597399eb972d4f20aa7b1195a2819ad415b016d88dbcf7f4ec95f8d6e34e6682;26.53701
